{
	"header": [
		{
			"name": "id",
			"title": "ID",
			"sortable": true,
			"sortDir": "asc",
			"size": 50,
			"format": "number"
		},
		{
			"name": "name",
			"title": "Name",
			"sortable": true
		},
		{
			"name": "start",
			"title": "Date start",
			"sortable": true,
			"size": 200,
			"format": "date",
			"formatMask": "mm/dd/yyyy"
		},
		{
			"name": "age",
			"title": "Age",
			"sortable": true,
			"format": "int",
			"size": 64
		},
		{
			"name": "salary",
			"title": "Salary",
			"sortable": true,
			"format": "money",
			"size": 100
		},
		{
			"name": "is_active",
			"title": "State",
			"sortable": true,
			"size": 50
		}
	],
	"data": [
		[
			1,
			"Lee Lindsay",
			"11/08/2018",
			39,
			"$6,487",
			"0"
		],
		[
			2,
			"Zane Hodge",
			"04/02/2018",
			57,
			"$6,416",
			"1"
		],
		[
			3,
			"Kasper Tyson",
			"01/23/2019",
			61,
			"$7,704",
			"1"
		],
		[
			4,
			"Hammett Reeves",
			"03/16/2018",
			39,
			"$9,157",
			"0"
		],
		[
			5,
			"Ezra Wheeler",
			"03/01/2019",
			57,
			"$7,825",
			"0"
		],
		[
			6,
			"Nash Deleon",
			"12/08/2017",
			33,
			"$7,136",
			"1"
		],
		[
			7,
			"Abbot Jordan",
			"08/30/2018",
			24,
			"$8,815",
			"1"
		],
		[
			8,
			"Carl Alvarez",
			"03/03/2018",
			29,
			"$6,677",
			"0"
		],
		[
			9,
			"Cain Copeland",
			"09/11/2018",
			32,
			"$9,738",
			"1"
		],
		[
			10,
			"Kennedy Barnett",
			"11/30/2018",
			37,
			"$9,584",
			"0"
		],
		[
			11,
			"Gannon Sargent",
			"03/12/2019",
			19,
			"$6,596",
			"1"
		],
		[
			12,
			"Palmer Suarez",
			"12/15/2017",
			19,
			"$8,653",
			"0"
		],
		[
			13,
			"Kennedy Stuart",
			"10/07/2018",
			63,
			"$7,302",
			"0"
		],
		[
			14,
			"Erich Baldwin",
			"04/01/2018",
			57,
			"$5,773",
			"0"
		],
		[
			15,
			"Reece Brown",
			"10/05/2018",
			19,
			"$8,024",
			"1"
		],
		[
			16,
			"Galvin Bowman",
			"09/20/2018",
			51,
			"$6,918",
			"1"
		],
		[
			17,
			"Connor Yang",
			"08/13/2017",
			46,
			"$8,820",
			"0"
		],
		[
			18,
			"Jack Osborne",
			"07/23/2018",
			42,
			"$5,923",
			"0"
		],
		[
			19,
			"Zane Finch",
			"05/04/2018",
			57,
			"$9,434",
			"0"
		],
		[
			20,
			"Beck Livingston",
			"08/12/2017",
			43,
			"$8,327",
			"1"
		],
		[
			21,
			"Erasmus Bauer",
			"08/21/2017",
			60,
			"$7,151",
			"1"
		],
		[
			22,
			"Blaze Ward",
			"11/17/2018",
			31,
			"$7,677",
			"1"
		],
		[
			23,
			"Finn Acevedo",
			"03/29/2018",
			33,
			"$8,662",
			"0"
		],
		[
			24,
			"Rahim Ball",
			"08/24/2017",
			57,
			"$9,142",
			"0"
		],
		[
			25,
			"Tanner Lott",
			"01/29/2019",
			64,
			"$8,269",
			"1"
		],
		[
			26,
			"Lewis Montoya",
			"12/31/2017",
			63,
			"$5,038",
			"1"
		],
		[
			27,
			"Ahmed Ruiz",
			"04/19/2018",
			64,
			"$9,269",
			"1"
		],
		[
			28,
			"Griffith Maxwell",
			"12/22/2017",
			59,
			"$8,870",
			"0"
		],
		[
			29,
			"Giacomo Small",
			"06/12/2019",
			19,
			"$7,271",
			"0"
		],
		[
			30,
			"Vance Rojas",
			"05/15/2019",
			60,
			"$7,653",
			"1"
		],
		[
			31,
			"Derek Cooley",
			"05/04/2018",
			60,
			"$8,148",
			"1"
		],
		[
			32,
			"Walter Snider",
			"12/29/2017",
			59,
			"$5,355",
			"0"
		],
		[
			33,
			"Avram Woods",
			"03/07/2019",
			37,
			"$9,634",
			"0"
		],
		[
			34,
			"Salvador Atkins",
			"05/20/2018",
			58,
			"$5,162",
			"0"
		],
		[
			35,
			"Zachary Alvarado",
			"11/21/2018",
			43,
			"$6,056",
			"1"
		],
		[
			36,
			"Gannon Soto",
			"08/15/2017",
			27,
			"$5,622",
			"0"
		],
		[
			37,
			"Hakeem Day",
			"12/05/2018",
			30,
			"$5,272",
			"0"
		],
		[
			38,
			"Dexter Yang",
			"06/17/2018",
			37,
			"$7,334",
			"0"
		],
		[
			39,
			"Sebastian Vincent",
			"11/02/2018",
			21,
			"$6,872",
			"0"
		],
		[
			40,
			"Declan Price",
			"01/17/2019",
			65,
			"$7,283",
			"0"
		],
		[
			41,
			"Phillip Bailey",
			"12/09/2018",
			54,
			"$8,137",
			"1"
		],
		[
			42,
			"Jerry Benton",
			"03/22/2018",
			37,
			"$9,531",
			"0"
		],
		[
			43,
			"Silas Christensen",
			"06/05/2018",
			31,
			"$7,293",
			"0"
		],
		[
			44,
			"Leonard Mclean",
			"05/09/2018",
			62,
			"$7,169",
			"1"
		],
		[
			45,
			"Keaton Ramsey",
			"01/10/2018",
			23,
			"$7,640",
			"1"
		],
		[
			46,
			"Colby Glenn",
			"01/11/2018",
			24,
			"$9,905",
			"0"
		],
		[
			47,
			"Jelani French",
			"02/16/2018",
			51,
			"$8,401",
			"0"
		],
		[
			48,
			"Cain Payne",
			"07/24/2019",
			40,
			"$5,780",
			"1"
		],
		[
			49,
			"Gray Chambers",
			"02/18/2019",
			43,
			"$8,181",
			"0"
		],
		[
			50,
			"Tate Delgado",
			"06/14/2018",
			53,
			"$7,010",
			"1"
		],
		[
			51,
			"Lucius Shannon",
			"04/07/2018",
			30,
			"$9,106",
			"0"
		],
		[
			52,
			"Hunter Gutierrez",
			"02/11/2018",
			19,
			"$5,000",
			"0"
		],
		[
			53,
			"Slade Griffin",
			"11/13/2017",
			36,
			"$7,107",
			"0"
		],
		[
			54,
			"Abbot Gamble",
			"05/26/2019",
			18,
			"$9,442",
			"1"
		],
		[
			55,
			"Fulton Day",
			"06/04/2018",
			21,
			"$8,196",
			"1"
		],
		[
			56,
			"Paul Marquez",
			"04/20/2019",
			64,
			"$7,148",
			"0"
		],
		[
			57,
			"Omar Le",
			"10/07/2018",
			54,
			"$5,927",
			"0"
		],
		[
			58,
			"Robert Kelly",
			"02/14/2019",
			44,
			"$7,436",
			"0"
		],
		[
			59,
			"Allen Butler",
			"06/04/2018",
			40,
			"$5,383",
			"1"
		],
		[
			60,
			"Sylvester Ratliff",
			"03/11/2018",
			33,
			"$5,254",
			"1"
		],
		[
			61,
			"Quamar Pugh",
			"04/17/2018",
			59,
			"$9,171",
			"1"
		],
		[
			62,
			"Christopher Wheeler",
			"06/19/2018",
			21,
			"$7,982",
			"0"
		],
		[
			63,
			"Wallace Jones",
			"03/23/2019",
			31,
			"$8,695",
			"1"
		],
		[
			64,
			"Christopher Guthrie",
			"04/08/2018",
			32,
			"$9,901",
			"1"
		],
		[
			65,
			"Marvin Murphy",
			"01/09/2019",
			42,
			"$7,858",
			"1"
		],
		[
			66,
			"Abraham Gamble",
			"09/21/2017",
			29,
			"$6,223",
			"0"
		],
		[
			67,
			"Jin Barnett",
			"11/10/2017",
			19,
			"$7,491",
			"1"
		],
		[
			68,
			"Wing Barry",
			"08/10/2017",
			62,
			"$7,784",
			"0"
		],
		[
			69,
			"Amir Henson",
			"11/26/2018",
			19,
			"$7,428",
			"0"
		],
		[
			70,
			"Marsden Rush",
			"04/16/2018",
			53,
			"$9,557",
			"0"
		],
		[
			71,
			"Merritt Humphrey",
			"09/04/2018",
			43,
			"$7,125",
			"1"
		],
		[
			72,
			"Moses Jacobs",
			"05/12/2019",
			51,
			"$8,623",
			"1"
		],
		[
			73,
			"Reese Crosby",
			"01/17/2019",
			62,
			"$7,149",
			"0"
		],
		[
			74,
			"Darius Beasley",
			"02/22/2019",
			43,
			"$8,028",
			"0"
		],
		[
			75,
			"Jeremy Griffith",
			"01/30/2019",
			43,
			"$7,098",
			"1"
		],
		[
			76,
			"Brock Oliver",
			"11/28/2017",
			58,
			"$9,200",
			"1"
		],
		[
			77,
			"Travis Clements",
			"08/25/2018",
			30,
			"$8,529",
			"0"
		],
		[
			78,
			"Igor Sykes",
			"09/09/2017",
			48,
			"$7,729",
			"0"
		],
		[
			79,
			"Noble Livingston",
			"12/14/2018",
			34,
			"$5,541",
			"1"
		],
		[
			80,
			"Marvin Hood",
			"01/30/2019",
			19,
			"$7,965",
			"0"
		],
		[
			81,
			"Uriah Bray",
			"01/18/2019",
			48,
			"$8,095",
			"1"
		],
		[
			82,
			"Ulysses Bush",
			"08/15/2017",
			23,
			"$8,729",
			"1"
		],
		[
			83,
			"Mufutau Burt",
			"03/03/2018",
			22,
			"$9,544",
			"1"
		],
		[
			84,
			"Flynn Hood",
			"06/08/2018",
			62,
			"$5,702",
			"1"
		],
		[
			85,
			"Zahir Spencer",
			"09/08/2017",
			42,
			"$9,318",
			"1"
		],
		[
			86,
			"Oscar Elliott",
			"12/24/2018",
			25,
			"$6,221",
			"1"
		],
		[
			87,
			"Darius Guy",
			"07/30/2019",
			23,
			"$8,067",
			"0"
		],
		[
			88,
			"Seth Mccray",
			"10/27/2018",
			19,
			"$7,314",
			"1"
		],
		[
			89,
			"Rooney Wells",
			"06/18/2019",
			45,
			"$6,530",
			"1"
		],
		[
			90,
			"Vance Hughes",
			"05/04/2019",
			23,
			"$9,867",
			"1"
		],
		[
			91,
			"Chadwick Giles",
			"05/14/2018",
			26,
			"$6,321",
			"0"
		],
		[
			92,
			"Burton Carver",
			"05/10/2018",
			32,
			"$6,459",
			"0"
		],
		[
			93,
			"Vincent Contreras",
			"06/01/2018",
			61,
			"$5,534",
			"0"
		],
		[
			94,
			"Ivan Carrillo",
			"03/15/2019",
			42,
			"$9,023",
			"0"
		],
		[
			95,
			"Chadwick Hunt",
			"06/02/2018",
			57,
			"$8,127",
			"1"
		],
		[
			96,
			"Elijah Bradford",
			"10/22/2018",
			42,
			"$7,126",
			"0"
		],
		[
			97,
			"Paki Leach",
			"06/11/2019",
			48,
			"$9,177",
			"0"
		],
		[
			98,
			"Baker Alvarez",
			"09/15/2017",
			56,
			"$5,456",
			"1"
		],
		[
			99,
			"Erasmus Workman",
			"12/24/2018",
			47,
			"$8,363",
			"0"
		],
		[
			100,
			"Basil English",
			"10/25/2017",
			54,
			"$7,807",
			"0"
		]
	]
}