{
    "header": [
        {
            "name": "id",
            "title": "ID",
            "size": 50,
            "sortable": true,
            "sortDir": "asc",
            "format": "number"
        },
        {
            "name": "name",
            "title": "Name",
            "sortable": true
        },
        {
            "name": "age",
            "title": "Age",
            "size": 80,
            "sortable": true,
            "format": "number"
        },
        {
            "name": "email",
            "title": "Email",
            "size": 100
        },
        {
            "name": "phone",
            "title": "Phone",
            "size": 100
        },
        {
            "name": "country",
            "title": "Country",
            "size": 100,
            "sortable": true
        },
        {
            "name": "city",
            "title": "City",
            "size": 100,
            "sortable": true
        },
        {
            "name": "zip",
            "title": "Zip",
            "size": 50,
            "sortable": true
        },
        {
            "name": "address",
            "title": "Address",
            "size": 200,
            "sortable": true
        },
        {
            "name": "card",
            "title": "Credit card",
            "size": 200,
            "sortable": true
        },
        {
            "name": "ssn",
            "title": "SSN",
            "size": 100,
            "sortable": true
        },
        {
            "name": "start",
            "title": "Start",
            "sortable": true,
            "size": 150,
            "format": "date",
            "formatMask": "yyyy-mm-dd"
        },
        {
            "name": "balance",
            "title": "Balance",
            "sortable": true,
            "size": 150,
            "format": "money",
            "show": true
        },
        {
            "name": "marital",
            "title": "Marital",
            "size": 100,
            "sortable": true
        },
        {
            "name": "sex",
            "title": "Sex",
            "size": 100,
            "sortable": true
        },
        {
            "name": "car",
            "title": "Car",
            "size": 100,
            "sortable": true
        }
    ],
    "data": [
        [
            1,
            "Owen H. Burris",
            51,
            "mollis.dui.in@nonsapienmolestie.org",
            "(137) 281-9285",
            "Maldives",
            "Burnie",
            "21277",
            "746-6581 Ut Av.",
            "4929 5856 3470 7160",
            "464-37-0622",
            "2003-12-22 16:32:42",
            "$993.57",
            "Single",
            "Female",
            "Citroën"
        ],
        [
            2,
            "Kane G. Craft",
            61,
            "dolor.Nulla.semper@non.com",
            "(440) 131-9263",
            "El Salvador",
            "Paisley",
            "33222-441",
            "583-7014 Lectus, Road",
            "4024007133197003",
            "736-18-0303",
            "1973-05-31 02:25:11",
            "$437.37",
            "Divorced",
            "Male",
            "Lexus"
        ],
        [
            3,
            "Ann Barnett",
            65,
            "id.erat@egestasblanditNam.org",
            "(936) 755-5080",
            "Sierra Leone",
            "Gorinchem",
            "2237 KB",
            "7117 Non Rd.",
            "4996748911103309",
            "184-74-0448",
            "1950-11-08 08:48:19",
            "$637.33",
            "Divorced",
            "Male",
            "Daimler"
        ],
        [
            4,
            "Zeph Ballard",
            28,
            "Morbi.accumsan@arcu.ca",
            "(716) 948-5721",
            "Uruguay",
            "Robelmont",
            "61940",
            "P.O. Box 698, 1109 Elit, Av.",
            "448524 4685676710",
            "523-55-0563",
            "2011-10-09 23:23:23",
            "$448.22",
            "Single",
            "Male",
            "Kia Motors"
        ],
        [
            5,
            "Kyle Moreno",
            52,
            "Donec.feugiat@Duis.edu",
            "(909) 900-6539",
            "Jersey",
            "Terragnolo",
            "20805",
            "962-7900 Nonummy Street",
            "453 96774 82216 865",
            "134-32-0492",
            "1966-07-19 23:43:19",
            "$927.62",
            "Divorced",
            "Male",
            "Hyundai Motors"
        ],
        [
            6,
            "Burke Kelley",
            65,
            "Nunc.lectus@tristique.ca",
            "(109) 691-8293",
            "Antarctica",
            "Cádiz",
            "2505",
            "216-8827 Morbi Road",
            "4485994954603031",
            "234-03-0953",
            "1996-01-24 22:27:30",
            "$444.33",
            "Single",
            "Male",
            "Peugeot"
        ],
        [
            7,
            "Austin Keller",
            23,
            "habitant.morbi@diam.org",
            "(922) 846-2645",
            "Nauru",
            "Chiauci",
            "S38 6PI",
            "249 Congue Avenue",
            "4539957339484159",
            "466-84-0569",
            "2001-06-30 00:16:52",
            "$751.32",
            "Single",
            "Female",
            "GMC"
        ],
        [
            8,
            "Stella X. Gay",
            55,
            "magnis@vulputatedui.ca",
            "(573) 318-2524",
            "United States Minor Outlying Islands",
            "Bollnäs",
            "4230",
            "457-205 Dictum St.",
            "4024007170343452",
            "509-35-0313",
            "1993-08-05 14:34:33",
            "$460.21",
            "Single",
            "Male",
            "Citroën"
        ],
        [
            9,
            "Shaine M. Cherry",
            17,
            "nascetur.ridiculus@in.org",
            "(458) 394-7929",
            "Cayman Islands",
            "Regina",
            "50252",
            "Ap #634-4913 Et Av.",
            "492939 561396 4893",
            "849-29-0527",
            "1953-06-22 20:15:59",
            "$146.13",
            "Single",
            "Male",
            "Citroën"
        ],
        [
            10,
            "Peter O. Blake",
            58,
            "massa.rutrum@dolorelit.ca",
            "(330) 343-6859",
            "Egypt",
            "Colobraro",
            "E6Y 9C2",
            "Ap #651-6140 Ligula Road",
            "4929 648 71 5726",
            "680-91-0754",
            "1953-04-01 09:34:06",
            "$796.85",
            "Common-Law",
            "Female",
            "Acura"
        ],
        [
            11,
            "Venus Chan",
            38,
            "ultricies@dictum.edu",
            "(379) 900-8570",
            "Egypt",
            "Sahiwal",
            "377724",
            "Ap #340-1214 Blandit Street",
            "4539 4345 2100 7214",
            "611-86-0277",
            "1964-12-03 16:51:02",
            "$476.12",
            "Common-Law",
            "Male",
            "Chrysler"
        ],
        [
            12,
            "Elijah Mack",
            21,
            "felis.ullamcorper.viverra@magna.edu",
            "(485) 298-3375",
            "Bouvet Island",
            "Licantén",
            "54044-956",
            "6185 Mauris. Avenue",
            "4485 937 00 0023",
            "077-26-0387",
            "1997-09-07 06:23:28",
            "$699.78",
            "Divorced",
            "Male",
            "Daimler"
        ],
        [
            13,
            "Iona Jefferson",
            58,
            "urna.justo.faucibus@vel.co.uk",
            "(331) 279-2993",
            "Burundi",
            "Gentbrugge",
            "88586",
            "P.O. Box 672, 5742 Nonummy St.",
            "453223 253477 1322",
            "307-67-0226",
            "1987-01-21 07:48:14",
            "$265.59",
            "Divorced",
            "Female",
            "GMC"
        ],
        [
            14,
            "Lee Y. Mcleod",
            35,
            "ligula.Aenean.euismod@nonjusto.com",
            "(175) 348-1095",
            "Maldives",
            "Wadgassen",
            "210007",
            "Ap #786-8694 Arcu Avenue",
            "4635 148 03 8275",
            "323-69-0127",
            "1978-09-02 01:50:13",
            "$2.05",
            "Divorced",
            "Female",
            "Peugeot"
        ],
        [
            15,
            "Justin Justice",
            56,
            "dictum@risusDonecnibh.org",
            "(160) 625-4688",
            "Saudi Arabia",
            "Villers-aux-Tours",
            "3987 YN",
            "P.O. Box 416, 9688 Sed Street",
            "4032642106693",
            "585-22-0900",
            "1978-03-11 08:36:13",
            "$502.13",
            "Divorced",
            "Male",
            "Acura"
        ],
        [
            16,
            "Michael P. Hahn",
            55,
            "mattis@justo.org",
            "(319) 972-6744",
            "Ethiopia",
            "Alcobendas",
            "HN6V 1EL",
            "5943 Per St.",
            "4042 204 89 1574",
            "181-30-0220",
            "2003-05-03 05:41:54",
            "$602.95",
            "Divorced",
            "Male",
            "Buick"
        ],
        [
            17,
            "Forrest Christian",
            41,
            "vestibulum.nec.euismod@Vestibulumante.net",
            "(491) 471-2608",
            "Chile",
            "Camiña",
            "91180",
            "Ap #683-1659 Odio. Street",
            "455664 1816501739",
            "278-54-0397",
            "2005-05-02 22:53:45",
            "$123.37",
            "Married",
            "Female",
            "Mazda"
        ],
        [
            18,
            "Quentin G. Delacruz",
            28,
            "bibendum@risusNuncac.com",
            "(191) 213-0924",
            "Sudan",
            "Shivapuri",
            "50803",
            "1928 Leo. Avenue",
            "402400 7170610520",
            "569-87-0710",
            "1963-11-02 12:08:09",
            "$946.79",
            "Single",
            "Female",
            "Subaru"
        ],
        [
            19,
            "Jayme Russo",
            60,
            "urna@hymenaeos.ca",
            "(198) 855-6320",
            "United Arab Emirates",
            "Callander",
            "07-506",
            "Ap #211-6082 Fusce Street",
            "4532791751843",
            "077-97-0083",
            "1998-02-14 10:43:04",
            "$152.74",
            "Common-Law",
            "Female",
            "Fiat"
        ],
        [
            20,
            "Wanda Livingston",
            27,
            "sed.turpis.nec@aliquam.com",
            "(102) 152-8425",
            "Haiti",
            "Mercedes",
            "19690",
            "677-1707 In Avenue",
            "492 98585 98477 223",
            "792-18-0379",
            "2003-01-03 06:28:50",
            "$676.18",
            "Married",
            "Female",
            "Seat"
        ],
        [
            21,
            "Lucy Woods",
            62,
            "vulputate.dui.nec@facilisislorem.edu",
            "(475) 691-3297",
            "Saint Helena, Ascension and Tristan da Cunha",
            "Coihaique",
            "4905",
            "2754 Luctus St.",
            "4929609648031",
            "066-15-0336",
            "1989-05-08 16:16:51",
            "$538.82",
            "Single",
            "Female",
            "Daihatsu"
        ],
        [
            22,
            "Xander Harrell",
            37,
            "tincidunt@aliquetmolestietellus.org",
            "(100) 788-0140",
            "Vanuatu",
            "Benalla",
            "59561",
            "556-8657 Odio. Ave",
            "492903 0839820294",
            "304-11-0291",
            "1967-03-24 14:56:13",
            "$318.06",
            "Single",
            "Male",
            "Chrysler"
        ],
        [
            23,
            "Yvonne L. Ferrell",
            28,
            "vel.arcu.Curabitur@afacilisis.com",
            "(200) 142-8020",
            "Lithuania",
            "Castelvetere in Val Fortore",
            "8071",
            "810-5348 Nec St.",
            "492931 1463536137",
            "625-28-0981",
            "2010-06-18 16:58:16",
            "$892.22",
            "Common-Law",
            "Female",
            "Mitsubishi Motors"
        ],
        [
            24,
            "Mason S. Chaney",
            16,
            "fames.ac.turpis@In.net",
            "(935) 355-3584",
            "Belarus",
            "Ararat",
            "818169",
            "3774 Aliquet Street",
            "4716 670 14 0323",
            "545-95-0557",
            "1954-11-02 14:28:21",
            "$654.71",
            "Divorced",
            "Female",
            "Citroën"
        ],
        [
            25,
            "Ralph Duffy",
            47,
            "ligula.Nullam.enim@convallis.org",
            "(251) 992-9606",
            "French Polynesia",
            "Lansing",
            "8370",
            "P.O. Box 222, 6648 Vestibulum, Rd.",
            "4556514588174",
            "887-70-0187",
            "1959-06-06 23:16:56",
            "$603.79",
            "Divorced",
            "Female",
            "Vauxhall"
        ],
        [
            26,
            "Martha Sosa",
            22,
            "hendrerit@Sedmolestie.org",
            "(844) 576-1990",
            "Argentina",
            "Hyderabad",
            "18578",
            "P.O. Box 564, 1106 A, Av.",
            "4716 734 17 3484",
            "038-88-0048",
            "2003-06-11 04:43:28",
            "$255.08",
            "Married",
            "Male",
            "Porsche"
        ],
        [
            27,
            "Todd Nash",
            19,
            "nec.tempus.scelerisque@tempusscelerisque.net",
            "(263) 255-3099",
            "Panama",
            "Kansas City",
            "55290",
            "251-2373 A Avenue",
            "4929450879650742",
            "737-78-0925",
            "1950-07-04 02:10:32",
            "$706.15",
            "Common-Law",
            "Male",
            "Porsche"
        ],
        [
            28,
            "Nicole Bishop",
            21,
            "non.enim.Mauris@nibh.ca",
            "(392) 818-4620",
            "Mayotte",
            "Lugnano in Teverina",
            "30460",
            "995-6763 Cursus Road",
            "4176 391 17 4863",
            "448-31-0386",
            "1971-12-22 21:54:33",
            "$870.14",
            "Common-Law",
            "Female",
            "Jeep"
        ],
        [
            29,
            "Victor Price",
            36,
            "et.malesuada.fames@luctusCurabitur.co.uk",
            "(204) 482-1676",
            "Saint Barthélemy",
            "Marcq-en-Baroeul",
            "Y7V 1X7",
            "4414 Vitae, Street",
            "4093391681724",
            "810-36-0966",
            "1974-07-24 21:16:07",
            "$401.22",
            "Married",
            "Male",
            "Smart"
        ],
        [
            30,
            "Signe Hartman",
            49,
            "bibendum.Donec.felis@mifringilla.ca",
            "(165) 892-2099",
            "Guyana",
            "Mont",
            "46978",
            "625-1203 Odio St.",
            "475964 596706 3865",
            "214-98-0046",
            "1953-10-22 12:51:46",
            "$117.60",
            "Married",
            "Male",
            "Renault"
        ],
        [
            31,
            "Grace Steele",
            65,
            "fringilla@malesuada.org",
            "(662) 465-3296",
            "Liberia",
            "Bath",
            "8563",
            "Ap #326-421 Proin Road",
            "4929266011990238",
            "439-72-0616",
            "1963-08-07 01:52:50",
            "$885.57",
            "Divorced",
            "Male",
            "Isuzu"
        ],
        [
            32,
            "Rhona I. Johnson",
            51,
            "nec@auctor.org",
            "(111) 867-2047",
            "Montenegro",
            "Antwerpen",
            "825160",
            "3390 In, Rd.",
            "492 90188 95437 335",
            "634-78-0383",
            "1987-05-14 22:44:29",
            "$676.06",
            "Single",
            "Male",
            "Infiniti"
        ],
        [
            33,
            "Nevada Holcomb",
            58,
            "aliquam.arcu@ipsum.edu",
            "(978) 214-8070",
            "Marshall Islands",
            "Port Pirie",
            "68546",
            "Ap #668-142 Diam. Avenue",
            "453988 0030119884",
            "142-98-0914",
            "1967-07-19 08:20:46",
            "$172.58",
            "Single",
            "Female",
            "MINI"
        ],
        [
            34,
            "Ashton York",
            18,
            "metus@laoreetliberoet.co.uk",
            "(938) 641-0409",
            "Azerbaijan",
            "Fort St. John",
            "54237",
            "676-9338 Enim, Av.",
            "453239 5884859086",
            "583-59-0680",
            "1959-03-03 11:05:34",
            "$926.32",
            "Common-Law",
            "Female",
            "Seat"
        ],
        [
            35,
            "Josephine Owen",
            56,
            "sit.amet@ut.ca",
            "(496) 226-7769",
            "Barbados",
            "Pogliano Milanese",
            "2937 LR",
            "269-1088 Lobortis Rd.",
            "4556480426813",
            "569-76-0209",
            "1998-10-08 02:37:49",
            "$658.87",
            "Common-Law",
            "Female",
            "Renault"
        ],
        [
            36,
            "Priscilla L. Swanson",
            46,
            "lobortis.risus@senectus.edu",
            "(495) 441-7792",
            "San Marino",
            "Gaya",
            "6990",
            "Ap #863-1268 Egestas Av.",
            "453971 110152 7665",
            "826-58-0662",
            "1971-04-08 03:13:25",
            "$375.77",
            "Divorced",
            "Male",
            "Suzuki"
        ],
        [
            37,
            "Aidan E. Stephens",
            32,
            "Aliquam.gravida@antedictummi.org",
            "(184) 317-2172",
            "Anguilla",
            "Meerle",
            "395166",
            "4754 Euismod Av.",
            "4460473129940",
            "678-88-0663",
            "2014-07-09 17:33:18",
            "$43.91",
            "Single",
            "Female",
            "FAW"
        ],
        [
            38,
            "Armand S. Osborn",
            41,
            "Quisque.porttitor@accumsanconvallis.net",
            "(281) 431-8614",
            "Bouvet Island",
            "Norcia",
            "47849",
            "186-3190 Dolor Ave",
            "4024 007 14 0888",
            "869-23-0032",
            "1983-06-19 17:34:13",
            "$191.99",
            "Married",
            "Female",
            "Vauxhall"
        ],
        [
            39,
            "Henry S. Morris",
            37,
            "at@eumetusIn.ca",
            "(842) 427-8964",
            "Eritrea",
            "Catanzaro",
            "5034",
            "Ap #910-2787 Scelerisque Ave",
            "4412350453422",
            "804-25-0355",
            "1984-06-15 08:26:06",
            "$225.13",
            "Divorced",
            "Female",
            "BMW"
        ],
        [
            40,
            "Constance I. Tyler",
            29,
            "pellentesque.Sed@estNunclaoreet.edu",
            "(286) 561-0168",
            "Cyprus",
            "Mango",
            "QF8C 1HT",
            "439-9031 Proin Ave",
            "4485189703167",
            "781-88-0505",
            "1965-08-04 23:34:07",
            "$813.36",
            "Common-Law",
            "Male",
            "Kenworth"
        ],
        [
            41,
            "Benjamin I. Gregory",
            63,
            "elit@elementumpurus.org",
            "(468) 166-1313",
            "Italy",
            "Punitaqui",
            "38406",
            "973-4446 Pellentesque St.",
            "4419553688724892",
            "534-83-0591",
            "1999-02-10 07:46:26",
            "$899.85",
            "Common-Law",
            "Male",
            "Hyundai Motors"
        ],
        [
            42,
            "Tanek Cantu",
            36,
            "Nam.tempor.diam@faucibusorciluctus.com",
            "(830) 862-1461",
            "Côte D'Ivoire (Ivory Coast)",
            "Le Havre",
            "52050",
            "2806 Arcu. St.",
            "4532377369754",
            "748-38-0695",
            "1951-02-01 22:12:34",
            "$960.71",
            "Divorced",
            "Male",
            "Ford"
        ],
        [
            43,
            "Harrison D. Grant",
            59,
            "feugiat@Maecenasmalesuadafringilla.org",
            "(382) 570-4954",
            "Iraq",
            "San Pedro de la Paz",
            "69609-264",
            "Ap #703-4375 Lorem St.",
            "4080 202 18 5029",
            "117-05-0886",
            "2017-09-08 03:43:09",
            "$64.95",
            "Divorced",
            "Male",
            "General Motors"
        ],
        [
            44,
            "Jana Mcdaniel",
            51,
            "nisl@nonjusto.net",
            "(190) 598-4291",
            "Svalbard and Jan Mayen Islands",
            "Rockford",
            "347902",
            "Ap #912-9208 Phasellus St.",
            "4024007185396",
            "164-94-0088",
            "1964-01-08 21:47:04",
            "$376.06",
            "Married",
            "Male",
            "Kenworth"
        ],
        [
            45,
            "Heather O. Buck",
            18,
            "Sed@auctor.org",
            "(980) 165-1413",
            "Lesotho",
            "Newton Abbot",
            "19743",
            "615-5089 Molestie Rd.",
            "4411 060 93 0232",
            "854-33-0845",
            "1974-01-25 11:03:12",
            "$871.32",
            "Married",
            "Female",
            "JLR"
        ],
        [
            46,
            "Echo Dickson",
            47,
            "Aliquam@fermentumarcu.co.uk",
            "(999) 389-4861",
            "Mayotte",
            "Banda",
            "12-275",
            "Ap #883-9322 A, Rd.",
            "4485230806498",
            "187-31-0484",
            "1979-05-07 19:34:19",
            "$920.57",
            "Married",
            "Male",
            "Lexus"
        ],
        [
            47,
            "Ashton S. Whitaker",
            63,
            "Suspendisse.dui@Aliquamnisl.org",
            "(374) 134-2365",
            "Kenya",
            "Ramskapelle",
            "94890",
            "P.O. Box 769, 2052 Leo, St.",
            "4929 215 81 6154",
            "890-11-0122",
            "1999-11-09 21:35:35",
            "$622.28",
            "Divorced",
            "Female",
            "Mitsubishi Motors"
        ],
        [
            48,
            "Camden Farley",
            64,
            "tortor.nibh@ultriciesadipiscingenim.co.uk",
            "(368) 390-5808",
            "Turks and Caicos Islands",
            "Gambolò",
            "K1L 4RA",
            "P.O. Box 592, 1367 Ridiculus St.",
            "4716576708256",
            "596-87-0289",
            "1969-01-22 20:30:27",
            "$932.41",
            "Married",
            "Female",
            "Renault"
        ],
        [
            49,
            "Brielle J. Taylor",
            47,
            "tellus@malesuadafames.com",
            "(153) 324-6541",
            "Dominica",
            "Pfungstadt",
            "31506",
            "7524 Enim. St.",
            "4397 0699 0420 5257",
            "679-16-0833",
            "1952-09-19 21:39:21",
            "$797.05",
            "Married",
            "Female",
            "Mitsubishi Motors"
        ],
        [
            50,
            "Phyllis B. Wagner",
            49,
            "vel.est@Namconsequat.co.uk",
            "(404) 529-7293",
            "Tajikistan",
            "Dunfermline",
            "706553",
            "305-8865 Egestas. St.",
            "4556 787 67 7332",
            "045-18-0895",
            "2017-08-06 21:14:21",
            "$799.17",
            "Divorced",
            "Female",
            "Smart"
        ],
        [
            51,
            "Casey G. Mathis",
            30,
            "elementum.purus.accumsan@Namnullamagna.co.uk",
            "(937) 964-4039",
            "Poland",
            "Albano di Lucania",
            "4884",
            "3169 Tempor St.",
            "4024007199012468",
            "523-67-0384",
            "1966-10-31 04:51:55",
            "$943.62",
            "Common-Law",
            "Female",
            "Mahindra and Mahindra"
        ],
        [
            52,
            "Phelan Mejia",
            18,
            "magna.Lorem.ipsum@acsemut.net",
            "(285) 136-2744",
            "Lithuania",
            "Allappuzha",
            "2169",
            "Ap #332-5385 Nibh Street",
            "492998 643017 6289",
            "057-63-0143",
            "1972-10-19 17:48:17",
            "$587.81",
            "Single",
            "Female",
            "Volkswagen"
        ],
        [
            53,
            "Ishmael Massey",
            52,
            "Aliquam.nec.enim@ametdapibus.ca",
            "(883) 500-4030",
            "Oman",
            "Putignano",
            "92238",
            "580-5928 Ornare St.",
            "4024007109388",
            "126-01-0710",
            "1975-08-14 09:20:09",
            "$866.93",
            "Divorced",
            "Male",
            "Suzuki"
        ],
        [
            54,
            "Bell Hess",
            16,
            "Quisque.imperdiet@arcuMorbi.edu",
            "(381) 652-3061",
            "Jordan",
            "Weymouth",
            "53612-235",
            "489-4227 Lectus St.",
            "402400 716908 9058",
            "642-08-0433",
            "1974-09-06 06:29:57",
            "$221.48",
            "Divorced",
            "Male",
            "Ferrari"
        ],
        [
            55,
            "Carla L. Hopper",
            40,
            "Integer.vulputate@aliquamarcu.net",
            "(398) 512-2640",
            "Antigua and Barbuda",
            "Promo-Control",
            "77230-439",
            "Ap #285-9437 Nulla Av.",
            "492 92956 69067 452",
            "564-16-0473",
            "1969-03-23 15:55:09",
            "$295.99",
            "Common-Law",
            "Male",
            "Seat"
        ],
        [
            56,
            "Demetrius I. Woods",
            37,
            "nisi.dictum.augue@feugiatnon.co.uk",
            "(145) 527-9880",
            "France",
            "Ohain",
            "L1A 4C3",
            "476 Metus Street",
            "4539 8617 1470 9505",
            "114-72-0214",
            "1982-01-15 17:41:12",
            "$519.32",
            "Common-Law",
            "Female",
            "Chevrolet"
        ],
        [
            57,
            "Hu Good",
            39,
            "est.mollis.non@Nulla.co.uk",
            "(799) 727-1077",
            "Swaziland",
            "Erie",
            "9042",
            "Ap #551-4041 Sed Street",
            "455646 387402 2767",
            "001-46-0409",
            "1978-11-08 17:30:18",
            "$662.01",
            "Divorced",
            "Male",
            "Skoda"
        ],
        [
            58,
            "Zeus H. Swanson",
            40,
            "nunc@placeratvelitQuisque.org",
            "(228) 469-5917",
            "Hungary",
            "Cairns",
            "605349",
            "Ap #264-4481 Suspendisse St.",
            "4485 537 08 5838",
            "611-68-0141",
            "1979-04-29 20:33:34",
            "$379.90",
            "Common-Law",
            "Female",
            "Audi"
        ],
        [
            59,
            "Ishmael R. Kelley",
            43,
            "iaculis.nec@nonlaciniaat.com",
            "(622) 513-3154",
            "Norfolk Island",
            "Merzig",
            "58303-213",
            "Ap #253-9142 Dui Av.",
            "4916411801042783",
            "189-04-0216",
            "1995-12-16 23:43:46",
            "$766.53",
            "Common-Law",
            "Female",
            "Chevrolet"
        ],
        [
            60,
            "Mikayla Scott",
            30,
            "aliquet.Phasellus.fermentum@nec.ca",
            "(584) 193-5238",
            "Niger",
            "Chennai",
            "149046",
            "P.O. Box 996, 8090 Arcu. Avenue",
            "4449689458409",
            "851-11-0645",
            "1987-12-02 20:36:44",
            "$759.46",
            "Common-Law",
            "Female",
            "Kenworth"
        ],
        [
            61,
            "Britanni Sims",
            33,
            "risus.Donec.egestas@maurissagittisplacerat.ca",
            "(964) 242-4963",
            "Maldives",
            "Bayeux",
            "7547 VA",
            "4677 Rhoncus. Av.",
            "491 65938 33922 395",
            "435-71-0884",
            "1981-08-09 08:17:50",
            "$217.64",
            "Married",
            "Male",
            "Toyota"
        ],
        [
            62,
            "Veronica I. Gentry",
            56,
            "molestie.orci.tincidunt@odiotristiquepharetra.edu",
            "(769) 543-8378",
            "Tokelau",
            "Gespeg",
            "11903",
            "942-8299 Eget St.",
            "4716737093994",
            "314-63-0052",
            "2006-03-14 20:17:57",
            "$518.98",
            "Common-Law",
            "Female",
            "Suzuki"
        ],
        [
            63,
            "Colleen V. Snider",
            21,
            "lectus.Nullam.suscipit@posuere.ca",
            "(699) 182-2905",
            "Bahamas",
            "Cheltenham",
            "6565",
            "P.O. Box 284, 7581 Rhoncus. Ave",
            "4485485177603",
            "735-62-0236",
            "1984-05-29 04:45:41",
            "$843.52",
            "Common-Law",
            "Male",
            "Audi"
        ],
        [
            64,
            "Aidan Wiley",
            45,
            "erat@ullamcorper.com",
            "(620) 260-5474",
            "Palestine, State of",
            "Monte Vidon Corrado",
            "31705",
            "Ap #364-6152 Neque Road",
            "421048 537976 8329",
            "554-66-0676",
            "1974-02-21 07:05:53",
            "$495.89",
            "Common-Law",
            "Male",
            "Maruti Suzuki"
        ],
        [
            65,
            "Ifeoma Morton",
            55,
            "montes.nascetur.ridiculus@dolorDonec.co.uk",
            "(903) 271-9870",
            "Fiji",
            "Bregenz",
            "214832",
            "532 Magnis Street",
            "415 20590 42044 374",
            "668-90-0713",
            "1956-03-10 10:00:03",
            "$627.73",
            "Divorced",
            "Male",
            "Ford"
        ],
        [
            66,
            "Rashad Stanley",
            38,
            "Fusce.feugiat@rhoncus.com",
            "(245) 807-0844",
            "Åland Islands",
            "Oelegem",
            "12833",
            "P.O. Box 475, 9598 Posuere Avenue",
            "4485 366 09 9074",
            "024-37-0754",
            "1951-07-19 20:09:24",
            "$764.64",
            "Single",
            "Female",
            "Peugeot"
        ],
        [
            67,
            "Barclay Gonzalez",
            62,
            "nec.ligula@mollisDuissit.edu",
            "(609) 396-5092",
            "Panama",
            "Montebello",
            "778392",
            "P.O. Box 308, 5424 Pellentesque Road",
            "4716 253 63 1516",
            "882-03-0978",
            "1994-07-19 16:20:15",
            "$139.50",
            "Common-Law",
            "Male",
            "Mahindra and Mahindra"
        ],
        [
            68,
            "Blaze Osborn",
            16,
            "interdum@inconsequat.ca",
            "(321) 699-5308",
            "Antigua and Barbuda",
            "Mandela",
            "71611",
            "487-9046 Mauris St.",
            "4485375398343",
            "517-43-0137",
            "1962-01-17 14:13:14",
            "$157.56",
            "Common-Law",
            "Male",
            "BMW"
        ],
        [
            69,
            "Xaviera Y. Mcdowell",
            41,
            "convallis.ante.lectus@magnis.edu",
            "(552) 542-3573",
            "Bouvet Island",
            "Sint-Niklaas",
            "80375",
            "4352 Habitant Street",
            "4859 8786 3409 6708",
            "747-78-0418",
            "1984-10-24 01:06:01",
            "$230.59",
            "Divorced",
            "Male",
            "Fiat"
        ],
        [
            70,
            "Neville F. Mckinney",
            20,
            "luctus.sit@eleifendnondapibus.net",
            "(317) 599-2849",
            "Solomon Islands",
            "Göttingen",
            "01221",
            "Ap #892-6993 Id Rd.",
            "4485 948 48 0222",
            "761-01-0926",
            "1965-01-28 11:54:59",
            "$212.61",
            "Common-Law",
            "Female",
            "Mahindra and Mahindra"
        ],
        [
            71,
            "Jerry Banks",
            35,
            "non@imperdietdictummagna.edu",
            "(328) 500-2539",
            "Kiribati",
            "Silverton",
            "A4A 7ZQ",
            "P.O. Box 884, 5946 Erat. Rd.",
            "4929901334637",
            "223-61-0064",
            "1962-02-04 05:23:31",
            "$4.54",
            "Common-Law",
            "Female",
            "Dongfeng Motor"
        ],
        [
            72,
            "Andrew V. Flores",
            60,
            "Aliquam@nuncnullavulputate.net",
            "(717) 464-7067",
            "Saint Pierre and Miquelon",
            "Jodoigne",
            "19831",
            "356-3898 Dapibus Rd.",
            "492950 485249 9475",
            "161-25-0820",
            "1955-08-13 17:30:45",
            "$409.38",
            "Married",
            "Female",
            "Toyota"
        ],
        [
            73,
            "Lester Gutierrez",
            23,
            "nunc@dictum.edu",
            "(237) 551-3889",
            "Hong Kong",
            "Buckley",
            "J3N 7T5",
            "7976 Euismod St.",
            "4485 040 85 0066",
            "447-36-0353",
            "1956-03-02 12:47:57",
            "$896.07",
            "Divorced",
            "Male",
            "MINI"
        ],
        [
            74,
            "Angela N. Hobbs",
            36,
            "ultrices@euodio.com",
            "(239) 550-8501",
            "Austria",
            "Golspie",
            "9204 LF",
            "P.O. Box 185, 493 Dictum Ave",
            "4716588961810",
            "558-20-0389",
            "2011-02-24 02:27:05",
            "$280.16",
            "Common-Law",
            "Male",
            "Daihatsu"
        ],
        [
            75,
            "Caldwell Q. Cohen",
            43,
            "Mauris.ut@Fuscediam.com",
            "(940) 515-3435",
            "India",
            "Meeffe",
            "776916",
            "633-3326 Lacus. Av.",
            "4929804159404",
            "634-79-0731",
            "2003-03-30 21:29:26",
            "$742.86",
            "Common-Law",
            "Male",
            "Mercedes-Benz"
        ],
        [
            76,
            "Aristotle Moore",
            51,
            "odio.a@odioPhasellusat.com",
            "(289) 293-6072",
            "Guernsey",
            "Ahmadpur East",
            "12523",
            "659-1173 Vehicula. Rd.",
            "491692 606973 7923",
            "437-68-0788",
            "1992-03-06 11:35:38",
            "$215.80",
            "Common-Law",
            "Male",
            "Ferrari"
        ],
        [
            77,
            "Leroy A. Mccullough",
            53,
            "Donec.at@varius.co.uk",
            "(162) 296-1465",
            "Gambia",
            "Kota",
            "41409",
            "P.O. Box 509, 1821 Malesuada St.",
            "455685 325628 8574",
            "710-83-0466",
            "1990-07-06 18:47:10",
            "$387.63",
            "Single",
            "Female",
            "BMW"
        ],
        [
            78,
            "Gil T. Schroeder",
            18,
            "quis.accumsan.convallis@lectusrutrum.com",
            "(602) 244-7068",
            "Norfolk Island",
            "Candidoni",
            "16-609",
            "P.O. Box 187, 5298 Amet Street",
            "4856 735 06 8018",
            "766-10-0531",
            "2007-09-20 05:51:40",
            "$368.01",
            "Common-Law",
            "Male",
            "RAM Trucks"
        ],
        [
            79,
            "Xena H. Pena",
            30,
            "posuere.vulputate@commodohendrerit.com",
            "(883) 189-4406",
            "Japan",
            "Kelkheim",
            "981194",
            "P.O. Box 945, 6228 Nec Rd.",
            "4929 951 34 9543",
            "200-96-0412",
            "1970-01-10 17:35:27",
            "$572.80",
            "Single",
            "Female",
            "Ferrari"
        ],
        [
            80,
            "Lareina P. Phillips",
            32,
            "erat.Etiam.vestibulum@necluctus.net",
            "(373) 635-2267",
            "Marshall Islands",
            "Modakeke",
            "77743",
            "Ap #446-4466 Ac Road",
            "453 94419 86413 183",
            "880-84-0019",
            "2000-09-05 19:50:45",
            "$778.48",
            "Common-Law",
            "Female",
            "Dodge"
        ],
        [
            81,
            "Sydney Tate",
            27,
            "nulla.Cras@tellusidnunc.org",
            "(963) 621-6708",
            "British Indian Ocean Territory",
            "Paularo",
            "94447",
            "4254 Ut Rd.",
            "4929645190266207",
            "837-54-0180",
            "1988-05-03 15:22:54",
            "$914.70",
            "Married",
            "Female",
            "Chevrolet"
        ],
        [
            82,
            "Slade Flynn",
            24,
            "Mauris.molestie@a.co.uk",
            "(348) 714-6058",
            "Bahamas",
            "Torrejón de Ardoz",
            "33708",
            "4591 Id, Street",
            "492 91041 66022 467",
            "616-72-0455",
            "1950-05-07 14:59:16",
            "$111.69",
            "Single",
            "Male",
            "Citroën"
        ],
        [
            83,
            "Wilma Cherry",
            36,
            "amet.dapibus@arcu.net",
            "(832) 137-6850",
            "Cuba",
            "Windermere",
            "05108",
            "Ap #463-5995 Risus. St.",
            "4539 770 18 4599",
            "109-68-0888",
            "1978-12-10 09:08:00",
            "$671.89",
            "Divorced",
            "Male",
            "Honda"
        ],
        [
            84,
            "Arden V. Romero",
            17,
            "laoreet.libero@loremsemperauctor.net",
            "(854) 597-1221",
            "Montserrat",
            "Longvilly",
            "270468",
            "1799 Vitae Ave",
            "4024007180586587",
            "536-98-0473",
            "1997-03-08 02:22:38",
            "$877.26",
            "Single",
            "Female",
            "Toyota"
        ],
        [
            85,
            "Damon Petty",
            45,
            "nec.tellus@turpisnec.com",
            "(137) 511-7118",
            "Bahrain",
            "Oteppe",
            "6827 DK",
            "8134 Nonummy St.",
            "402400 713566 8654",
            "514-61-0309",
            "1981-12-19 12:55:37",
            "$495.56",
            "Common-Law",
            "Female",
            "Audi"
        ],
        [
            86,
            "Zelenia Avila",
            20,
            "amet@tellusAeneanegestas.ca",
            "(920) 132-1764",
            "Kiribati",
            "Tufo",
            "16942",
            "550-3902 Velit Rd.",
            "4069 746 97 7637",
            "569-72-0737",
            "1970-03-02 16:04:05",
            "$994.88",
            "Divorced",
            "Female",
            "Infiniti"
        ],
        [
            87,
            "Jemima E. Joseph",
            45,
            "luctus.ipsum@Phasellusin.co.uk",
            "(252) 407-7637",
            "Saudi Arabia",
            "Airdrie",
            "48470",
            "234-2846 In St.",
            "4485 265 24 0274",
            "702-24-0985",
            "1950-01-11 02:32:05",
            "$354.28",
            "Married",
            "Male",
            "BMW"
        ],
        [
            88,
            "Sara Vinson",
            46,
            "dictum.eu@suscipitnonummy.ca",
            "(194) 634-7457",
            "Uruguay",
            "Aix-en-Provence",
            "523869",
            "599-8624 Phasellus St.",
            "402400 7109209188",
            "469-83-0205",
            "2011-04-22 19:48:04",
            "$173.20",
            "Divorced",
            "Female",
            "Chevrolet"
        ],
        [
            89,
            "Alma E. Franklin",
            61,
            "scelerisque@pede.ca",
            "(661) 999-5458",
            "Niue",
            "Maule",
            "17293",
            "3923 At Rd.",
            "402400 718145 7556",
            "029-16-0437",
            "1968-12-02 05:21:15",
            "$880.87",
            "Single",
            "Male",
            "Isuzu"
        ],
        [
            90,
            "Diana Hays",
            57,
            "faucibus@Crassed.ca",
            "(829) 508-2211",
            "Laos",
            "Tulsa",
            "01-629",
            "P.O. Box 235, 3113 Diam Rd.",
            "492947 487115 1566",
            "392-87-0090",
            "2004-01-08 05:34:24",
            "$735.74",
            "Common-Law",
            "Male",
            "Maruti Suzuki"
        ],
        [
            91,
            "Nolan P. Stewart",
            26,
            "malesuada.malesuada.Integer@sitamet.net",
            "(365) 448-5205",
            "Comoros",
            "Wichelen",
            "597228",
            "P.O. Box 641, 5954 Ultricies Av.",
            "4539 0078 4103 2367",
            "773-16-0629",
            "2000-03-14 22:50:16",
            "$2.08",
            "Divorced",
            "Female",
            "Hyundai Motors"
        ],
        [
            92,
            "Charles I. Ramos",
            64,
            "at.arcu.Vestibulum@Phasellusin.edu",
            "(921) 416-9193",
            "Holy See (Vatican City State)",
            "Erpion",
            "816076",
            "Ap #730-9046 Augue Street",
            "4485307491752",
            "142-96-0715",
            "2004-07-26 04:16:39",
            "$380.42",
            "Single",
            "Male",
            "Volkswagen"
        ],
        [
            93,
            "Vivian Hebert",
            33,
            "Nullam.suscipit.est@felispurus.edu",
            "(305) 619-4512",
            "Kiribati",
            "Kolkata",
            "1151",
            "4131 Eu St.",
            "4539275167800",
            "051-75-0962",
            "1998-09-13 02:10:27",
            "$788.97",
            "Married",
            "Male",
            "Mazda"
        ],
        [
            94,
            "Geoffrey N. English",
            39,
            "eu.odio.Phasellus@nonarcu.com",
            "(394) 400-3416",
            "Guam",
            "Wevelgem",
            "10284",
            "402-250 Vestibulum Rd.",
            "4556 4858 1575 1501",
            "264-35-0958",
            "2006-04-20 13:14:58",
            "$987.98",
            "Single",
            "Male",
            "Dodge"
        ],
        [
            95,
            "Zena O. Wilkerson",
            20,
            "ornare@pulvinar.net",
            "(889) 699-9769",
            "Pitcairn Islands",
            "Tewkesbury",
            "81565",
            "224-4133 Convallis Av.",
            "4916281467822",
            "136-94-0448",
            "2016-01-15 11:13:49",
            "$60.33",
            "Married",
            "Male",
            "Smart"
        ],
        [
            96,
            "Owen Guerrero",
            21,
            "eu@mauris.ca",
            "(374) 127-9284",
            "Bahrain",
            "Monceau-Imbrechies",
            "406285",
            "P.O. Box 680, 4837 Odio Road",
            "453226 642071 5126",
            "150-85-0825",
            "1976-10-15 23:49:50",
            "$613.66",
            "Single",
            "Male",
            "Dodge"
        ],
        [
            97,
            "Quinn Wilkerson",
            38,
            "Sed.congue.elit@justonec.co.uk",
            "(375) 529-0001",
            "Mali",
            "Ravels",
            "616969",
            "179-906 Tincidunt Street",
            "4024007109545",
            "160-71-0806",
            "2005-03-18 20:05:10",
            "$491.12",
            "Common-Law",
            "Male",
            "Honda"
        ],
        [
            98,
            "Aristotle W. Cantrell",
            45,
            "in.magna.Phasellus@porttitor.ca",
            "(847) 497-7348",
            "Palestine, State of",
            "Termini Imerese",
            "67078",
            "P.O. Box 145, 8520 Sed Rd.",
            "4485311782463704",
            "509-13-0239",
            "1995-06-10 19:29:22",
            "$882.21",
            "Common-Law",
            "Male",
            "Daihatsu"
        ],
        [
            99,
            "Fallon A. Atkinson",
            36,
            "auctor.velit@Donec.edu",
            "(254) 494-0396",
            "Monaco",
            "Gattatico",
            "72295",
            "467-120 Bibendum. Road",
            "4532773361470",
            "672-59-0331",
            "2003-12-24 20:40:10",
            "$532.70",
            "Divorced",
            "Female",
            "Cadillac"
        ],
        [
            100,
            "Wesley C. Osborn",
            54,
            "Integer@Donecluctusaliquet.net",
            "(355) 450-4608",
            "Korea, North",
            "Girona",
            "5436",
            "P.O. Box 900, 2576 Tellus Street",
            "4929 538 59 7531",
            "254-08-0849",
            "1963-04-05 19:38:56",
            "$237.66",
            "Married",
            "Female",
            "Citroën"
        ]
    ]
}